2025.05.15-00.11.07;Fatalben0;0002548521ba4271a497e39d5bfe5611;Rogue731;00022ac42542497589f654e6ac2c0a6f;MR5;20;XSX;XSX;
2025.05.15-00.11.53;Fatalben0;0002548521ba4271a497e39d5bfe5611;MidS_Nate;000258ffecc24a53a5381fa95ee99769;MR5;15;XSX;PS5;
2025.05.15-00.29.16;Njshh;0002e69a65204b669c20238266782d7b;Rogue731;00022ac42542497589f654e6ac2c0a6f;AK-mod;36;PS5;XSX;
2025.05.15-00.29.32;Njshh;0002e69a65204b669c20238266782d7b;MidS_Nate;000258ffecc24a53a5381fa95ee99769;AK-mod;30;PS5;PS5;
2025.05.15-00.59.45;Fatalben0;0002548521ba4271a497e39d5bfe5611;Fatalben0;0002548521ba4271a497e39d5bfe5611;suicide_by_relocation;0;XSX;XSX;
2025.05.15-01.04.30;Serial Nince;00028d6911a042fa87402625e0b961e0;Serial Nince;00028d6911a042fa87402625e0b961e0;R-5;0;XSX;XSX;
2025.05.15-01.06.03;Fatalben0;0002548521ba4271a497e39d5bfe5611;Fatalben0;0002548521ba4271a497e39d5bfe5611;suicide_by_relocation;0;XSX;XSX;
2025.05.15-01.32.26;Rjiku;0002055916024208a0c00352a448d9ee;Rjiku;0002055916024208a0c00352a448d9ee;suicide_by_relocation;0;PS5;PS5;
2025.05.15-01.32.28;OGz DelBoy;0002d8ab00ae449686f761dd9ca119f7;OGz DelBoy;0002d8ab00ae449686f761dd9ca119f7;suicide_by_relocation;0;XSX;XSX;
2025.05.15-01.32.30;Pjmpdaddy82;00023293db1c4b4082f69e2e97e6fd45;Pjmpdaddy82;00023293db1c4b4082f69e2e97e6fd45;suicide_by_relocation;0;XSX;XSX;
2025.05.15-01.32.39;Njshh;0002e69a65204b669c20238266782d7b;Njshh;0002e69a65204b669c20238266782d7b;suicide_by_relocation;0;PS5;PS5;
2025.05.15-01.42.59;Rjiku;0002055916024208a0c00352a448d9ee;Rjiku;0002055916024208a0c00352a448d9ee;suicide_by_relocation;0;PS5;PS5;
2025.05.15-01.43.09;Njshh;0002e69a65204b669c20238266782d7b;Njshh;0002e69a65204b669c20238266782d7b;suicide_by_relocation;0;PS5;PS5;
2025.05.15-01.43.22;OGz Shogun;0002b3c1884e4c10b0c6850466cbff5d;OGz Shogun;0002b3c1884e4c10b0c6850466cbff5d;suicide_by_relocation;0;XSX;XSX;
2025.05.15-01.45.32;Pjmpdaddy82;00023293db1c4b4082f69e2e97e6fd45;Pjmpdaddy82;00023293db1c4b4082f69e2e97e6fd45;suicide_by_relocation;0;XSX;XSX;
2025.05.15-02.18.53;MidS_Nate;000258ffecc24a53a5381fa95ee99769;MidS_Nate;000258ffecc24a53a5381fa95ee99769;suicide_by_relocation;0;PS5;PS5;
2025.05.15-02.18.56;Serial Nince;00028d6911a042fa87402625e0b961e0;Serial Nince;00028d6911a042fa87402625e0b961e0;suicide_by_relocation;0;XSX;XSX;
2025.05.15-02.19.13;OGz DelBoy;0002d8ab00ae449686f761dd9ca119f7;OGz DelBoy;0002d8ab00ae449686f761dd9ca119f7;suicide_by_relocation;0;XSX;XSX;
2025.05.15-02.20.24;OGz Shogun;0002b3c1884e4c10b0c6850466cbff5d;OGz Shogun;0002b3c1884e4c10b0c6850466cbff5d;suicide_by_relocation;0;XSX;XSX;
2025.05.15-02.26.50;Rjiku;0002055916024208a0c00352a448d9ee;Rjiku;0002055916024208a0c00352a448d9ee;suicide_by_relocation;0;PS5;PS5;
2025.05.15-02.26.57;Serial Nince;00028d6911a042fa87402625e0b961e0;Serial Nince;00028d6911a042fa87402625e0b961e0;suicide_by_relocation;0;XSX;XSX;
2025.05.15-02.30.19;Njshh;0002e69a65204b669c20238266782d7b;Njshh;0002e69a65204b669c20238266782d7b;suicide_by_relocation;0;PS5;PS5;
2025.05.15-02.34.24;Pjmpdaddy82;00023293db1c4b4082f69e2e97e6fd45;Pjmpdaddy82;00023293db1c4b4082f69e2e97e6fd45;suicide_by_relocation;0;XSX;XSX;
2025.05.15-02.55.03;Rjiku;0002055916024208a0c00352a448d9ee;Rjiku;0002055916024208a0c00352a448d9ee;suicide_by_relocation;0;PS5;PS5;
2025.05.15-03.13.53;Pjmpdaddy82;00023293db1c4b4082f69e2e97e6fd45;Pjmpdaddy82;00023293db1c4b4082f69e2e97e6fd45;suicide_by_relocation;0;XSX;XSX;
2025.05.15-03.36.32;OGz Shogun;0002b3c1884e4c10b0c6850466cbff5d;OGz Shogun;0002b3c1884e4c10b0c6850466cbff5d;suicide_by_relocation;0;XSX;XSX;
2025.05.15-03.39.27;OGz DelBoy;0002d8ab00ae449686f761dd9ca119f7;OGz DelBoy;0002d8ab00ae449686f761dd9ca119f7;suicide_by_relocation;0;XSX;XSX;
2025.05.15-03.41.10;Njshh;0002e69a65204b669c20238266782d7b;Njshh;0002e69a65204b669c20238266782d7b;suicide_by_relocation;0;PS5;PS5;
2025.05.15-03.47.42;OGz Shogun;0002b3c1884e4c10b0c6850466cbff5d;OGz Shogun;0002b3c1884e4c10b0c6850466cbff5d;suicide_by_relocation;0;XSX;XSX;
2025.05.15-03.48.30;Pjmpdaddy82;00023293db1c4b4082f69e2e97e6fd45;Pjmpdaddy82;00023293db1c4b4082f69e2e97e6fd45;suicide_by_relocation;0;XSX;XSX;
2025.05.15-03.59.27;OGz DelBoy;0002d8ab00ae449686f761dd9ca119f7;OGz DelBoy;0002d8ab00ae449686f761dd9ca119f7;suicide_by_relocation;0;XSX;XSX;
2025.05.15-04.00.42;MidS_Nate;000258ffecc24a53a5381fa95ee99769;MidS_Nate;000258ffecc24a53a5381fa95ee99769;suicide_by_relocation;0;PS5;PS5;
2025.05.15-04.44.14;Rjiku;0002055916024208a0c00352a448d9ee;Rjiku;0002055916024208a0c00352a448d9ee;suicide_by_relocation;0;PS5;PS5;
2025.05.15-08.09.45;thorrshammer1990;0002dd11e3f74d26b714614132489690;thorrshammer1990;0002dd11e3f74d26b714614132489690;suicide_by_relocation;0;PS5;PS5;
2025.05.15-08.43.09;ExHyper;000240ecc1ba45d59962bc2d34e0177e;ExHyper;000240ecc1ba45d59962bc2d34e0177e;suicide_by_relocation;0;PS5;PS5;
2025.05.15-10.24.42;ELpres1dente198;00029a24eb124a8bb7b17a4f9df99322;ELpres1dente198;00029a24eb124a8bb7b17a4f9df99322;suicide_by_relocation;0;PS5;PS5;
2025.05.15-10.28.14;oMETALLICAoo;00026f693b8a4b74b608bd4c9934579d;oMETALLICAoo;00026f693b8a4b74b608bd4c9934579d;suicide_by_relocation;0;XSX;XSX;
2025.05.15-10.55.05;ExHyper;000240ecc1ba45d59962bc2d34e0177e;ExHyper;000240ecc1ba45d59962bc2d34e0177e;suicide_by_relocation;0;PS5;PS5;
2025.05.15-10.55.17;VTEC-HONDA_1985;000260af19974ccdbbf4bf72cd9639ac;VTEC-HONDA_1985;000260af19974ccdbbf4bf72cd9639ac;suicide_by_relocation;0;PS5;PS5;
2025.05.15-11.47.44;VTEC-HONDA_1985;000260af19974ccdbbf4bf72cd9639ac;VTEC-HONDA_1985;000260af19974ccdbbf4bf72cd9639ac;suicide_by_relocation;0;PS5;PS5;
2025.05.15-11.55.43;Pain Apathy;0002336dd7a74cab86b316ea76164ace;Pain Apathy;0002336dd7a74cab86b316ea76164ace;suicide_by_relocation;0;XSX;XSX;
2025.05.15-12.02.10;VTEC-HONDA_1985;000260af19974ccdbbf4bf72cd9639ac;VTEC-HONDA_1985;000260af19974ccdbbf4bf72cd9639ac;suicide_by_relocation;0;PS5;PS5;
2025.05.15-12.33.45;Pain Apathy;0002336dd7a74cab86b316ea76164ace;Serial Nince;00028d6911a042fa87402625e0b961e0;BB-19;19;XSX;XSX;
2025.05.15-12.38.01;OGz ApexWolf;00025a3d833a4d40bd885e57fa67f015;OGz ApexWolf;00025a3d833a4d40bd885e57fa67f015;suicide_by_relocation;0;XSX;XSX;
2025.05.15-12.43.27;TOPSHOTTOM88;00021fea0ef747d4b5f7d3ef91b756c3;TOPSHOTTOM88;00021fea0ef747d4b5f7d3ef91b756c3;suicide_by_relocation;0;XSX;XSX;
2025.05.15-13.02.37;thorrshammer1990;0002dd11e3f74d26b714614132489690;thorrshammer1990;0002dd11e3f74d26b714614132489690;falling;0;PS5;PS5;
2025.05.15-13.09.03;thorrshammer1990;0002dd11e3f74d26b714614132489690;thorrshammer1990;0002dd11e3f74d26b714614132489690;suicide_by_relocation;0;PS5;PS5;
2025.05.15-13.22.40;MidS_Nate;000258ffecc24a53a5381fa95ee99769;MidS_Nate;000258ffecc24a53a5381fa95ee99769;suicide_by_relocation;0;PS5;PS5;
2025.05.15-13.35.07;Pain Apathy;0002336dd7a74cab86b316ea76164ace;Pain Apathy;0002336dd7a74cab86b316ea76164ace;suicide_by_relocation;0;XSX;XSX;
2025.05.15-13.58.40;Njshh;0002e69a65204b669c20238266782d7b;Njshh;0002e69a65204b669c20238266782d7b;suicide_by_relocation;0;PS5;PS5;
2025.05.15-14.09.24;ELpres1dente198;00029a24eb124a8bb7b17a4f9df99322;ELpres1dente198;00029a24eb124a8bb7b17a4f9df99322;suicide_by_relocation;0;PS5;PS5;
2025.05.15-14.13.12;oMETALLICAoo;00026f693b8a4b74b608bd4c9934579d;MidS_Nate;000258ffecc24a53a5381fa95ee99769;PP-3000;22;XSX;PS5;
2025.05.15-14.13.18;Pain Apathy;0002336dd7a74cab86b316ea76164ace;xZx Ellis98 xZx;000205aa09894a76925162a429a939d7;F-10;24;XSX;XSX;
2025.05.15-14.15.04;xZx Calk xZx;0002545b36d145f085d3a64dc377c675;oMETALLICAoo;00026f693b8a4b74b608bd4c9934579d;AK-mod;33;XSX;XSX;
2025.05.15-14.15.10;oooSLAYERoo;0002ffff4c6346c9a62cf2304cb2bf6b;xZx Calk xZx;0002545b36d145f085d3a64dc377c675;AK-mod;23;XSX;XSX;
2025.05.15-14.25.44;Ya DAD EGG;0002aef08a3c46a7aa214ba39f42969d;Ya DAD EGG;0002aef08a3c46a7aa214ba39f42969d;suicide_by_relocation;0;XSX;XSX;
2025.05.15-14.31.15;Pain Apathy;0002336dd7a74cab86b316ea76164ace;ITz Flinty9125;00020789479742d283c75f5b9ecd0671;AK-SM;15;XSX;XSX;
2025.05.15-14.35.15;oooSLAYERoo;0002ffff4c6346c9a62cf2304cb2bf6b;ITz Flinty9125;00020789479742d283c75f5b9ecd0671;MR5;10;XSX;XSX;
2025.05.15-14.35.23;Pain Apathy;0002336dd7a74cab86b316ea76164ace;Ya DAD EGG;0002aef08a3c46a7aa214ba39f42969d;Mosin;56;XSX;XSX;
2025.05.15-14.50.44;Njshh;0002e69a65204b669c20238266782d7b;Njshh;0002e69a65204b669c20238266782d7b;falling;0;PS5;PS5;
2025.05.15-15.02.37;Toxic JFS;00022980706e47bb977aa52091108aa8;Toxic JFS;00022980706e47bb977aa52091108aa8;suicide_by_relocation;0;XSX;XSX;
2025.05.15-15.02.49;m3_GOKI;0002fe3ce9ff493ba821aad1a63b8b52;m3_GOKI;0002fe3ce9ff493ba821aad1a63b8b52;suicide_by_relocation;0;PS5;PS5;
2025.05.15-15.07.00;Knight JFS;0002dc7ffa78409aaf2eab0cd40609f8;Knight JFS;0002dc7ffa78409aaf2eab0cd40609f8;suicide_by_relocation;0;XSX;XSX;
2025.05.15-15.08.53;ELpres1dente198;00029a24eb124a8bb7b17a4f9df99322;thorrshammer1990;0002dd11e3f74d26b714614132489690;S85;1;PS5;PS5;
2025.05.15-15.10.24;Njshh;0002e69a65204b669c20238266782d7b;Njshh;0002e69a65204b669c20238266782d7b;suicide_by_relocation;0;PS5;PS5;
2025.05.15-15.10.59;Pain Apathy;0002336dd7a74cab86b316ea76164ace;xZx Calk xZx;0002545b36d145f085d3a64dc377c675;MR5;34;XSX;XSX;
2025.05.15-15.12.23;Pain Apathy;0002336dd7a74cab86b316ea76164ace;MidS_Nate;000258ffecc24a53a5381fa95ee99769;MR5;23;XSX;PS5;
2025.05.15-15.12.39;m3_GOKI;0002fe3ce9ff493ba821aad1a63b8b52;m3_GOKI;0002fe3ce9ff493ba821aad1a63b8b52;suicide_by_relocation;0;PS5;PS5;
2025.05.15-15.13.35;Knight JFS;0002dc7ffa78409aaf2eab0cd40609f8;Knight JFS;0002dc7ffa78409aaf2eab0cd40609f8;suicide_by_relocation;0;XSX;XSX;
2025.05.15-15.16.50;xZx Calk xZx;0002545b36d145f085d3a64dc377c675;oooSLAYERoo;0002ffff4c6346c9a62cf2304cb2bf6b;UMR45;5;XSX;XSX;
2025.05.15-15.26.06;oooSLAYERoo;0002ffff4c6346c9a62cf2304cb2bf6b;xZx Calk xZx;0002545b36d145f085d3a64dc377c675;AK-mod;33;XSX;XSX;
2025.05.15-15.27.18;oooSLAYERoo;0002ffff4c6346c9a62cf2304cb2bf6b;MidS_Nate;000258ffecc24a53a5381fa95ee99769;AK-mod;31;XSX;PS5;
2025.05.15-15.39.16;OGz ApexWolf;00025a3d833a4d40bd885e57fa67f015;OGz ApexWolf;00025a3d833a4d40bd885e57fa67f015;suicide_by_relocation;0;XSX;XSX;
2025.05.15-15.39.40;Serial Nince;00028d6911a042fa87402625e0b961e0;Serial Nince;00028d6911a042fa87402625e0b961e0;suicide_by_relocation;0;XSX;XSX;
2025.05.15-15.44.29;OGz ApexWolf;00025a3d833a4d40bd885e57fa67f015;OGz ApexWolf;00025a3d833a4d40bd885e57fa67f015;suicide_by_relocation;0;XSX;XSX;
2025.05.15-15.48.44;OGz DelBoy;0002d8ab00ae449686f761dd9ca119f7;OGz DelBoy;0002d8ab00ae449686f761dd9ca119f7;suicide_by_relocation;0;XSX;XSX;
2025.05.15-16.06.47;Serial Nince;00028d6911a042fa87402625e0b961e0;Serial Nince;00028d6911a042fa87402625e0b961e0;falling;0;XSX;XSX;
2025.05.15-16.08.07;OGz DelBoy;0002d8ab00ae449686f761dd9ca119f7;Ya DAD EGG;0002aef08a3c46a7aa214ba39f42969d;Fasam;20;XSX;XSX;
2025.05.15-16.08.27;ITz Flinty9125;00020789479742d283c75f5b9ecd0671;OGz ApexWolf;00025a3d833a4d40bd885e57fa67f015;land_vehicle;1;XSX;XSX;
2025.05.15-16.08.27;OGz ApexWolf;00025a3d833a4d40bd885e57fa67f015;ITz Flinty9125;00020789479742d283c75f5b9ecd0671;AK-SM;2;XSX;XSX;
2025.05.15-16.08.34;MidS_Nate;000258ffecc24a53a5381fa95ee99769;Dusty IXI;0002be8685294d52b196fa52799288c0;BB-19;11;PS5;XSX;
2025.05.15-16.08.44;ELpres1dente198;00029a24eb124a8bb7b17a4f9df99322;ELpres1dente198;00029a24eb124a8bb7b17a4f9df99322;suicide_by_relocation;0;PS5;PS5;
2025.05.15-16.08.45;thorrshammer1990;0002dd11e3f74d26b714614132489690;thorrshammer1990;0002dd11e3f74d26b714614132489690;suicide_by_relocation;0;PS5;PS5;
2025.05.15-16.11.05;Njshh;0002e69a65204b669c20238266782d7b;Knight JFS;0002dc7ffa78409aaf2eab0cd40609f8;AK-mod;17;PS5;XSX;
2025.05.15-16.14.55;Serial Nince;00028d6911a042fa87402625e0b961e0;Ya DAD EGG;0002aef08a3c46a7aa214ba39f42969d;MR5;3;XSX;XSX;
2025.05.15-16.16.27;Dxssin;000270a5e05448f79d902df06a079e89;Dxssin;000270a5e05448f79d902df06a079e89;suicide_by_relocation;0;XSX;XSX;
2025.05.15-16.17.32;ITz Flinty9125;00020789479742d283c75f5b9ecd0671;TOPSHOTTOM88;00021fea0ef747d4b5f7d3ef91b756c3;AK-SM;7;XSX;XSX;
2025.05.15-16.17.37;ITz Flinty9125;00020789479742d283c75f5b9ecd0671;Serial Nince;00028d6911a042fa87402625e0b961e0;AK-SM;12;XSX;XSX;
2025.05.15-16.22.59;thorrshammer1990;0002dd11e3f74d26b714614132489690;ELpres1dente198;00029a24eb124a8bb7b17a4f9df99322;Sawed-Off Shotgun;1;PS5;PS5;
2025.05.15-16.27.44;xZx Calk xZx;0002545b36d145f085d3a64dc377c675;Pain Apathy;0002336dd7a74cab86b316ea76164ace;AK-mod;11;XSX;XSX;
2025.05.15-16.29.46;Knight JFS;0002dc7ffa78409aaf2eab0cd40609f8;Knight JFS;0002dc7ffa78409aaf2eab0cd40609f8;suicide_by_relocation;0;XSX;XSX;
2025.05.15-16.31.09;OGz DelBoy;0002d8ab00ae449686f761dd9ca119f7;oooSLAYERoo;0002ffff4c6346c9a62cf2304cb2bf6b;Fasam;2;XSX;XSX;
2025.05.15-16.32.25;Pjmpdaddy82;00023293db1c4b4082f69e2e97e6fd45;Pjmpdaddy82;00023293db1c4b4082f69e2e97e6fd45;suicide_by_relocation;0;XSX;XSX;
2025.05.15-16.32.33;Toxic JFS;00022980706e47bb977aa52091108aa8;Toxic JFS;00022980706e47bb977aa52091108aa8;suicide_by_relocation;0;XSX;XSX;
2025.05.15-16.34.18;oMETALLICAoo;00026f693b8a4b74b608bd4c9934579d;oMETALLICAoo;00026f693b8a4b74b608bd4c9934579d;suicide_by_relocation;0;XSX;XSX;
2025.05.15-16.35.24;MidS_Nate;000258ffecc24a53a5381fa95ee99769;Pain Apathy;0002336dd7a74cab86b316ea76164ace;BB-19;6;PS5;XSX;
2025.05.15-16.36.03;Knight JFS;0002dc7ffa78409aaf2eab0cd40609f8;Knight JFS;0002dc7ffa78409aaf2eab0cd40609f8;suicide_by_relocation;0;XSX;XSX;
2025.05.15-16.41.24;OGz DelBoy;0002d8ab00ae449686f761dd9ca119f7;OGz DelBoy;0002d8ab00ae449686f761dd9ca119f7;suicide_by_relocation;0;XSX;XSX;
2025.05.15-16.47.58;Dxssin;000270a5e05448f79d902df06a079e89;Ya DAD EGG;0002aef08a3c46a7aa214ba39f42969d;UAG;25;XSX;XSX;
2025.05.15-16.53.43;Rjiku;0002055916024208a0c00352a448d9ee;Rjiku;0002055916024208a0c00352a448d9ee;suicide_by_relocation;0;PS5;PS5;
2025.05.15-16.54.27;OGz Shogun;0002b3c1884e4c10b0c6850466cbff5d;OGz Shogun;0002b3c1884e4c10b0c6850466cbff5d;suicide_by_relocation;0;XSX;XSX;
2025.05.15-16.57.52;Serial Nince;00028d6911a042fa87402625e0b961e0;Serial Nince;00028d6911a042fa87402625e0b961e0;suicide_by_relocation;0;XSX;XSX;
2025.05.15-17.06.39;Njshh;0002e69a65204b669c20238266782d7b;Knight JFS;0002dc7ffa78409aaf2eab0cd40609f8;AK-mod;54;PS5;XSX;
2025.05.15-17.13.27;Knight JFS;0002dc7ffa78409aaf2eab0cd40609f8;Njshh;0002e69a65204b669c20238266782d7b;NK417;98;XSX;PS5;
2025.05.15-17.15.00;Toxic JFS;00022980706e47bb977aa52091108aa8;OGz DelBoy;0002d8ab00ae449686f761dd9ca119f7;MG-36;10;XSX;XSX;
2025.05.15-17.15.01;Toxic JFS;00022980706e47bb977aa52091108aa8;OGz Shogun;0002b3c1884e4c10b0c6850466cbff5d;MG-36;7;XSX;XSX;
2025.05.15-17.15.43;Rjiku;0002055916024208a0c00352a448d9ee;Knight JFS;0002dc7ffa78409aaf2eab0cd40609f8;VSD;99;PS5;XSX;
2025.05.15-17.15.44;Serial Nince;00028d6911a042fa87402625e0b961e0;OGz DelBoy;0002d8ab00ae449686f761dd9ca119f7;M99;250;XSX;XSX;
2025.05.15-17.16.23;Knight JFS;0002dc7ffa78409aaf2eab0cd40609f8;OGz Shogun;0002b3c1884e4c10b0c6850466cbff5d;NK417;83;XSX;XSX;
2025.05.15-17.17.34;Toxic JFS;00022980706e47bb977aa52091108aa8;OGz DelBoy;0002d8ab00ae449686f761dd9ca119f7;MG-36;2;XSX;XSX;
2025.05.15-17.18.28;Toxic JFS;00022980706e47bb977aa52091108aa8;OGz Shogun;0002b3c1884e4c10b0c6850466cbff5d;MG-36;20;XSX;XSX;
2025.05.15-17.19.26;m3_GOKI;0002fe3ce9ff493ba821aad1a63b8b52;m3_GOKI;0002fe3ce9ff493ba821aad1a63b8b52;suicide_by_relocation;0;PS5;PS5;
2025.05.15-17.20.41;Toxic JFS;00022980706e47bb977aa52091108aa8;OGz Shogun;0002b3c1884e4c10b0c6850466cbff5d;GRM-40;27;XSX;XSX;
2025.05.15-17.21.33;OGz ApexWolf;00025a3d833a4d40bd885e57fa67f015;OGz ApexWolf;00025a3d833a4d40bd885e57fa67f015;suicide_by_relocation;0;XSX;XSX;
2025.05.15-17.22.14;Knight JFS;0002dc7ffa78409aaf2eab0cd40609f8;Njshh;0002e69a65204b669c20238266782d7b;RPK-mod;21;XSX;PS5;
2025.05.15-17.22.33;Toxic JFS;00022980706e47bb977aa52091108aa8;OGz DelBoy;0002d8ab00ae449686f761dd9ca119f7;M99;126;XSX;XSX;
2025.05.15-17.22.43;ITz Flinty9125;00020789479742d283c75f5b9ecd0671;oooSLAYERoo;0002ffff4c6346c9a62cf2304cb2bf6b;M99;230;XSX;XSX;
2025.05.15-17.23.30;oooSLAYERoo;0002ffff4c6346c9a62cf2304cb2bf6b;Ya DAD EGG;0002aef08a3c46a7aa214ba39f42969d;AK-mod;32;XSX;XSX;
2025.05.15-17.23.32;Serial Nince;00028d6911a042fa87402625e0b961e0;Njshh;0002e69a65204b669c20238266782d7b;M99;277;XSX;PS5;
2025.05.15-17.23.45;Knight JFS;0002dc7ffa78409aaf2eab0cd40609f8;OGz DelBoy;0002d8ab00ae449686f761dd9ca119f7;RPK-mod;47;XSX;XSX;
2025.05.15-17.24.44;Knight JFS;0002dc7ffa78409aaf2eab0cd40609f8;OGz DelBoy;0002d8ab00ae449686f761dd9ca119f7;NK417;63;XSX;XSX;
2025.05.15-17.25.34;oooSLAYERoo;0002ffff4c6346c9a62cf2304cb2bf6b;Ya DAD EGG;0002aef08a3c46a7aa214ba39f42969d;AK-mod;14;XSX;XSX;
2025.05.15-17.27.06;Toxic JFS;00022980706e47bb977aa52091108aa8;OGz DelBoy;0002d8ab00ae449686f761dd9ca119f7;M99;154;XSX;XSX;
2025.05.15-17.28.34;ITz Flinty9125;00020789479742d283c75f5b9ecd0671;ITz Flinty9125;00020789479742d283c75f5b9ecd0671;suicide_by_relocation;0;XSX;XSX;
2025.05.15-17.30.56;Pain Apathy;0002336dd7a74cab86b316ea76164ace;Pain Apathy;0002336dd7a74cab86b316ea76164ace;suicide_by_relocation;0;XSX;XSX;
2025.05.15-17.31.02;OGz ApexWolf;00025a3d833a4d40bd885e57fa67f015;OGz ApexWolf;00025a3d833a4d40bd885e57fa67f015;suicide_by_relocation;0;XSX;XSX;
2025.05.15-17.31.48;oooSLAYERoo;0002ffff4c6346c9a62cf2304cb2bf6b;Ya DAD EGG;0002aef08a3c46a7aa214ba39f42969d;AK-mod;18;XSX;XSX;
2025.05.15-17.35.09;ITz Flinty9125;00020789479742d283c75f5b9ecd0671;oooSLAYERoo;0002ffff4c6346c9a62cf2304cb2bf6b;M99;176;XSX;XSX;
2025.05.15-17.35.32;Njshh;0002e69a65204b669c20238266782d7b;Toxic JFS;00022980706e47bb977aa52091108aa8;AR4;11;PS5;XSX;
2025.05.15-17.35.37;OGz DelBoy;0002d8ab00ae449686f761dd9ca119f7;Knight JFS;0002dc7ffa78409aaf2eab0cd40609f8;UAG;21;XSX;XSX;
2025.05.15-17.36.21;OGz ApexWolf;00025a3d833a4d40bd885e57fa67f015;OGz ApexWolf;00025a3d833a4d40bd885e57fa67f015;suicide_by_relocation;0;XSX;XSX;
2025.05.15-17.36.31;ITz Flinty9125;00020789479742d283c75f5b9ecd0671;oMETALLICAoo;00026f693b8a4b74b608bd4c9934579d;M99;166;XSX;XSX;
2025.05.15-17.36.56;oooSLAYERoo;0002ffff4c6346c9a62cf2304cb2bf6b;zlIIlIIlIx;0002531761ed4bb0b5173a446efec0dd;AK-mod;27;XSX;XSX;
2025.05.15-17.37.12;oooSLAYERoo;0002ffff4c6346c9a62cf2304cb2bf6b;Ya DAD EGG;0002aef08a3c46a7aa214ba39f42969d;AK-mod;12;XSX;XSX;
2025.05.15-17.37.45;Knight JFS;0002dc7ffa78409aaf2eab0cd40609f8;Knight JFS;0002dc7ffa78409aaf2eab0cd40609f8;F-10;0;XSX;XSX;
2025.05.15-17.40.07;Njshh;0002e69a65204b669c20238266782d7b;Toxic JFS;00022980706e47bb977aa52091108aa8;RPK-mod;11;PS5;XSX;
2025.05.15-17.40.26;Pjmpdaddy82;00023293db1c4b4082f69e2e97e6fd45;TOPSHOTTOM88;00021fea0ef747d4b5f7d3ef91b756c3;VSD;125;XSX;XSX;
2025.05.15-17.41.04;Pjmpdaddy82;00023293db1c4b4082f69e2e97e6fd45;TOPSHOTTOM88;00021fea0ef747d4b5f7d3ef91b756c3;VSD;125;XSX;XSX;
2025.05.15-17.42.40;OGz DelBoy;0002d8ab00ae449686f761dd9ca119f7;Knight JFS;0002dc7ffa78409aaf2eab0cd40609f8;UAG;4;XSX;XSX;
2025.05.15-17.42.59;Toxic JFS;00022980706e47bb977aa52091108aa8;OGz DelBoy;0002d8ab00ae449686f761dd9ca119f7;GRM-40;11;XSX;XSX;
2025.05.15-17.43.20;Ya DAD EGG;0002aef08a3c46a7aa214ba39f42969d;oooSLAYERoo;0002ffff4c6346c9a62cf2304cb2bf6b;AK-SM;11;XSX;XSX;
2025.05.15-17.43.21;oooSLAYERoo;0002ffff4c6346c9a62cf2304cb2bf6b;Ya DAD EGG;0002aef08a3c46a7aa214ba39f42969d;AK-mod;11;XSX;XSX;
2025.05.15-17.43.36;Dxssin;000270a5e05448f79d902df06a079e89;Serial Nince;00028d6911a042fa87402625e0b961e0;Mosin;47;XSX;XSX;
2025.05.15-17.43.41;oMETALLICAoo;00026f693b8a4b74b608bd4c9934579d;zlIIlIIlIx;0002531761ed4bb0b5173a446efec0dd;Skar;9;XSX;XSX;
2025.05.15-17.43.53;ITz Flinty9125;00020789479742d283c75f5b9ecd0671;oooSLAYERoo;0002ffff4c6346c9a62cf2304cb2bf6b;AR4;3;XSX;XSX;
2025.05.15-17.43.54;oMETALLICAoo;00026f693b8a4b74b608bd4c9934579d;ITz Flinty9125;00020789479742d283c75f5b9ecd0671;Skar;6;XSX;XSX;
2025.05.15-17.44.27;Pjmpdaddy82;00023293db1c4b4082f69e2e97e6fd45;xZx Calk xZx;0002545b36d145f085d3a64dc377c675;VSD;108;XSX;XSX;
2025.05.15-17.45.13;oMETALLICAoo;00026f693b8a4b74b608bd4c9934579d;ITz Flinty9125;00020789479742d283c75f5b9ecd0671;Skar;14;XSX;XSX;
2025.05.15-17.45.42;Rjiku;0002055916024208a0c00352a448d9ee;MidS_Nate;000258ffecc24a53a5381fa95ee99769;VSD;116;PS5;PS5;
2025.05.15-17.46.35;Pjmpdaddy82;00023293db1c4b4082f69e2e97e6fd45;xZx Calk xZx;0002545b36d145f085d3a64dc377c675;VSD;113;XSX;XSX;
2025.05.15-17.46.46;oMETALLICAoo;00026f693b8a4b74b608bd4c9934579d;ITz Flinty9125;00020789479742d283c75f5b9ecd0671;Skar;5;XSX;XSX;
2025.05.15-17.46.57;Serial Nince;00028d6911a042fa87402625e0b961e0;MidS_Nate;000258ffecc24a53a5381fa95ee99769;M99;193;XSX;PS5;
2025.05.15-17.47.20;m3_GOKI;0002fe3ce9ff493ba821aad1a63b8b52;m3_GOKI;0002fe3ce9ff493ba821aad1a63b8b52;suicide_by_relocation;0;PS5;PS5;
2025.05.15-17.47.23;OGz Shogun;0002b3c1884e4c10b0c6850466cbff5d;Toxic JFS;00022980706e47bb977aa52091108aa8;AR4-M;3;XSX;XSX;
2025.05.15-17.47.58;Ya DAD EGG;0002aef08a3c46a7aa214ba39f42969d;oMETALLICAoo;00026f693b8a4b74b608bd4c9934579d;AK-SU;8;XSX;XSX;
2025.05.15-17.48.53;Ya DAD EGG;0002aef08a3c46a7aa214ba39f42969d;oMETALLICAoo;00026f693b8a4b74b608bd4c9934579d;F-10;5;XSX;XSX;
2025.05.15-17.49.20;Pain Apathy;0002336dd7a74cab86b316ea76164ace;Pain Apathy;0002336dd7a74cab86b316ea76164ace;suicide_by_relocation;0;XSX;XSX;
2025.05.15-17.49.34;Njshh;0002e69a65204b669c20238266782d7b;MidS_Nate;000258ffecc24a53a5381fa95ee99769;RPK-mod;52;PS5;PS5;
2025.05.15-17.49.37;zlIIlIIlIx;0002531761ed4bb0b5173a446efec0dd;Pain Apathy;0002336dd7a74cab86b316ea76164ace;AK-SM;11;XSX;XSX;
2025.05.15-17.49.43;Njshh;0002e69a65204b669c20238266782d7b;Dxssin;000270a5e05448f79d902df06a079e89;RPK-mod;12;PS5;XSX;
2025.05.15-17.50.22;OGz ApexWolf;00025a3d833a4d40bd885e57fa67f015;OGz ApexWolf;00025a3d833a4d40bd885e57fa67f015;suicide_by_relocation;0;XSX;XSX;
2025.05.15-17.50.56;Njshh;0002e69a65204b669c20238266782d7b;Toxic JFS;00022980706e47bb977aa52091108aa8;RPK-mod;5;PS5;XSX;
2025.05.15-17.51.43;Njshh;0002e69a65204b669c20238266782d7b;Dxssin;000270a5e05448f79d902df06a079e89;RPK-mod;23;PS5;XSX;
2025.05.15-17.51.45;Toxic JFS;00022980706e47bb977aa52091108aa8;OGz DelBoy;0002d8ab00ae449686f761dd9ca119f7;N4;6;XSX;XSX;
2025.05.15-17.51.50;OGz Shogun;0002b3c1884e4c10b0c6850466cbff5d;Toxic JFS;00022980706e47bb977aa52091108aa8;AR4-M;4;XSX;XSX;
2025.05.15-17.52.28;Pjmpdaddy82;00023293db1c4b4082f69e2e97e6fd45;xZx Calk xZx;0002545b36d145f085d3a64dc377c675;VSD;103;XSX;XSX;
2025.05.15-17.53.10;Njshh;0002e69a65204b669c20238266782d7b;Knight JFS;0002dc7ffa78409aaf2eab0cd40609f8;RPK-mod;47;PS5;XSX;
2025.05.15-17.54.15;OGz Shogun;0002b3c1884e4c10b0c6850466cbff5d;Toxic JFS;00022980706e47bb977aa52091108aa8;AR4-M;1;XSX;XSX;
2025.05.15-17.54.23;OGz DelBoy;0002d8ab00ae449686f761dd9ca119f7;MidS_Nate;000258ffecc24a53a5381fa95ee99769;UAG;36;XSX;PS5;
2025.05.15-17.55.02;Rjiku;0002055916024208a0c00352a448d9ee;Dxssin;000270a5e05448f79d902df06a079e89;MR5;1;PS5;XSX;
2025.05.15-17.55.28;Knight JFS;0002dc7ffa78409aaf2eab0cd40609f8;Knight JFS;0002dc7ffa78409aaf2eab0cd40609f8;F-10;0;XSX;XSX;
2025.05.15-17.56.20;oooSLAYERoo;0002ffff4c6346c9a62cf2304cb2bf6b;ITz Flinty9125;00020789479742d283c75f5b9ecd0671;MS590;2;XSX;XSX;
2025.05.15-17.56.21;Pain Apathy;0002336dd7a74cab86b316ea76164ace;zlIIlIIlIx;0002531761ed4bb0b5173a446efec0dd;IZH-43;1;XSX;XSX;
2025.05.15-17.56.26;OGz ApexWolf;00025a3d833a4d40bd885e57fa67f015;OGz ApexWolf;00025a3d833a4d40bd885e57fa67f015;suicide_by_relocation;0;XSX;XSX;
2025.05.15-17.56.31;Ya DAD EGG;0002aef08a3c46a7aa214ba39f42969d;Pain Apathy;0002336dd7a74cab86b316ea76164ace;Skar;5;XSX;XSX;
2025.05.15-17.56.37;oooSLAYERoo;0002ffff4c6346c9a62cf2304cb2bf6b;Ya DAD EGG;0002aef08a3c46a7aa214ba39f42969d;MS590;10;XSX;XSX;
2025.05.15-17.57.06;OGz Shogun;0002b3c1884e4c10b0c6850466cbff5d;Dxssin;000270a5e05448f79d902df06a079e89;AR4-M;12;XSX;XSX;
2025.05.15-17.57.21;oooSLAYERoo;0002ffff4c6346c9a62cf2304cb2bf6b;ITz Flinty9125;00020789479742d283c75f5b9ecd0671;AR4;11;XSX;XSX;
2025.05.15-17.57.45;OGz DelBoy;0002d8ab00ae449686f761dd9ca119f7;TOPSHOTTOM88;00021fea0ef747d4b5f7d3ef91b756c3;M99;100;XSX;XSX;
2025.05.15-17.58.00;WrennyXv;0002d4a310f94c2eaa8708eb7968b01b;Irnscud;00022dc51fff4a06973b6907828d42d0;BB-19;13;XSX;XSX;
2025.05.15-17.58.38;Knight JFS;0002dc7ffa78409aaf2eab0cd40609f8;xZx Calk xZx;0002545b36d145f085d3a64dc377c675;UAG;22;XSX;XSX;
2025.05.15-17.58.56;oooSLAYERoo;0002ffff4c6346c9a62cf2304cb2bf6b;Ya DAD EGG;0002aef08a3c46a7aa214ba39f42969d;AR4;13;XSX;XSX;
2025.05.15-17.59.40;TOPSHOTTOM88;00021fea0ef747d4b5f7d3ef91b756c3;Njshh;0002e69a65204b669c20238266782d7b;S85;100;XSX;PS5;
2025.05.15-17.59.41;;;WrennyXv;0002d4a310f94c2eaa8708eb7968b01b;;1;;XSX;
2025.05.15-17.59.57;OGz DelBoy;0002d8ab00ae449686f761dd9ca119f7;TOPSHOTTOM88;00021fea0ef747d4b5f7d3ef91b756c3;M99;103;XSX;XSX;
2025.05.15-18.00.51;Knight JFS;0002dc7ffa78409aaf2eab0cd40609f8;OGz DelBoy;0002d8ab00ae449686f761dd9ca119f7;UAG;26;XSX;XSX;
2025.05.15-18.01.09;Knight JFS;0002dc7ffa78409aaf2eab0cd40609f8;Rjiku;0002055916024208a0c00352a448d9ee;UAG;12;XSX;PS5;
2025.05.15-18.01.28;Toxic JFS;00022980706e47bb977aa52091108aa8;Rjiku;0002055916024208a0c00352a448d9ee;Mosin;140;XSX;PS5;
2025.05.15-18.01.49;OGz Shogun;0002b3c1884e4c10b0c6850466cbff5d;Knight JFS;0002dc7ffa78409aaf2eab0cd40609f8;MG-36;21;XSX;XSX;
2025.05.15-18.03.04;Serial Nince;00028d6911a042fa87402625e0b961e0;OGz DelBoy;0002d8ab00ae449686f761dd9ca119f7;M99;114;XSX;XSX;
2025.05.15-18.03.57;Pjmpdaddy82;00023293db1c4b4082f69e2e97e6fd45;Toxic JFS;00022980706e47bb977aa52091108aa8;VSD;127;XSX;XSX;
2025.05.15-18.04.00;Knight JFS;0002dc7ffa78409aaf2eab0cd40609f8;Rjiku;0002055916024208a0c00352a448d9ee;AK-SM;25;XSX;PS5;
2025.05.15-18.04.11;Dxssin;000270a5e05448f79d902df06a079e89;Dxssin;000270a5e05448f79d902df06a079e89;suicide_by_relocation;0;XSX;XSX;
2025.05.15-18.04.20;Njshh;0002e69a65204b669c20238266782d7b;Knight JFS;0002dc7ffa78409aaf2eab0cd40609f8;Skar;23;PS5;XSX;
2025.05.15-18.05.39;OGz Shogun;0002b3c1884e4c10b0c6850466cbff5d;Dxssin;000270a5e05448f79d902df06a079e89;AR4-M;18;XSX;XSX;
2025.05.15-18.08.56;Njshh;0002e69a65204b669c20238266782d7b;xZx Calk xZx;0002545b36d145f085d3a64dc377c675;Skar;63;PS5;XSX;
2025.05.15-18.09.28;Toxic JFS;00022980706e47bb977aa52091108aa8;MidS_Nate;000258ffecc24a53a5381fa95ee99769;GRM-40;57;XSX;PS5;
2025.05.15-18.09.30;Serial Nince;00028d6911a042fa87402625e0b961e0;Rjiku;0002055916024208a0c00352a448d9ee;RPK-mod;111;XSX;PS5;
2025.05.15-18.10.54;xZx Calk xZx;0002545b36d145f085d3a64dc377c675;Rjiku;0002055916024208a0c00352a448d9ee;Combat Knife;0;XSX;PS5;
2025.05.15-18.10.55;Pjmpdaddy82;00023293db1c4b4082f69e2e97e6fd45;xZx Calk xZx;0002545b36d145f085d3a64dc377c675;VSD;138;XSX;XSX;
2025.05.15-18.11.17;TOPSHOTTOM88;00021fea0ef747d4b5f7d3ef91b756c3;MidS_Nate;000258ffecc24a53a5381fa95ee99769;BB-19;12;XSX;PS5;
2025.05.15-18.12.43;Njshh;0002e69a65204b669c20238266782d7b;Dxssin;000270a5e05448f79d902df06a079e89;UAG;12;PS5;XSX;
2025.05.15-18.13.02;Toxic JFS;00022980706e47bb977aa52091108aa8;Ya DAD EGG;0002aef08a3c46a7aa214ba39f42969d;Mosin;320;XSX;XSX;
2025.05.15-18.13.40;Rjiku;0002055916024208a0c00352a448d9ee;Toxic JFS;00022980706e47bb977aa52091108aa8;M99;127;PS5;XSX;
2025.05.15-18.14.13;Njshh;0002e69a65204b669c20238266782d7b;Toxic JFS;00022980706e47bb977aa52091108aa8;M99;108;PS5;XSX;
2025.05.15-18.14.52;TOPSHOTTOM88;00021fea0ef747d4b5f7d3ef91b756c3;MidS_Nate;000258ffecc24a53a5381fa95ee99769;S85;73;XSX;PS5;
2025.05.15-18.15.00;ELpres1dente198;00029a24eb124a8bb7b17a4f9df99322;ELpres1dente198;00029a24eb124a8bb7b17a4f9df99322;suicide_by_relocation;0;PS5;PS5;
2025.05.15-18.15.18;thorrshammer1990;0002dd11e3f74d26b714614132489690;thorrshammer1990;0002dd11e3f74d26b714614132489690;suicide_by_relocation;0;PS5;PS5;
2025.05.15-18.15.40;NNapolii10;0002c7833fee4930826dd5af80bf799e;NNapolii10;0002c7833fee4930826dd5af80bf799e;falling;0;PS5;PS5;
2025.05.15-18.15.46;oooSLAYERoo;0002ffff4c6346c9a62cf2304cb2bf6b;Ya DAD EGG;0002aef08a3c46a7aa214ba39f42969d;MS590;3;XSX;XSX;
2025.05.15-18.16.18;OGz Shogun;0002b3c1884e4c10b0c6850466cbff5d;Dxssin;000270a5e05448f79d902df06a079e89;AR4;4;XSX;XSX;
2025.05.15-18.16.24;OGz Shogun;0002b3c1884e4c10b0c6850466cbff5d;MidS_Nate;000258ffecc24a53a5381fa95ee99769;AR4;2;XSX;PS5;
2025.05.15-18.18.12;Knight JFS;0002dc7ffa78409aaf2eab0cd40609f8;Njshh;0002e69a65204b669c20238266782d7b;UAG;15;XSX;PS5;
2025.05.15-18.20.44;Lord-Ch1co;000214b458ce4428ab57035a621ff7d4;thebigbaba77;00029c50ac214682a6b37d07757460b8;boat;1;PS5;PS5;
2025.05.15-18.25.29;oMETALLICAoo;00026f693b8a4b74b608bd4c9934579d;oMETALLICAoo;00026f693b8a4b74b608bd4c9934579d;suicide_by_relocation;0;XSX;XSX;
2025.05.15-18.26.38;Njshh;0002e69a65204b669c20238266782d7b;xZx Calk xZx;0002545b36d145f085d3a64dc377c675;UAG;21;PS5;XSX;
2025.05.15-18.28.24;OGz Shogun;0002b3c1884e4c10b0c6850466cbff5d;xZx Calk xZx;0002545b36d145f085d3a64dc377c675;VSD;4;XSX;XSX;
2025.05.15-18.34.19;Pjmpdaddy82;00023293db1c4b4082f69e2e97e6fd45;xZx Calk xZx;0002545b36d145f085d3a64dc377c675;VSD;121;XSX;XSX;
2025.05.15-18.37.10;Serial Nince;00028d6911a042fa87402625e0b961e0;Serial Nince;00028d6911a042fa87402625e0b961e0;R-5;0;XSX;XSX;
2025.05.15-18.37.42;m3_GOKI;0002fe3ce9ff493ba821aad1a63b8b52;m3_GOKI;0002fe3ce9ff493ba821aad1a63b8b52;suicide_by_relocation;0;PS5;PS5;
2025.05.15-18.37.58;Njshh;0002e69a65204b669c20238266782d7b;xZx Calk xZx;0002545b36d145f085d3a64dc377c675;MG-36;0;PS5;XSX;
2025.05.15-18.38.33;Lord-Ch1co;000214b458ce4428ab57035a621ff7d4;thebigbaba77;00029c50ac214682a6b37d07757460b8;TTk;7;PS5;PS5;
2025.05.15-18.39.02;Irnscud;00022dc51fff4a06973b6907828d42d0;Lord-Ch1co;000214b458ce4428ab57035a621ff7d4;IZH-43;1;XSX;PS5;
2025.05.15-18.39.50;OGz DelBoy;0002d8ab00ae449686f761dd9ca119f7;OGz DelBoy;0002d8ab00ae449686f761dd9ca119f7;suicide_by_relocation;0;XSX;XSX;
2025.05.15-18.41.08;Rjiku;0002055916024208a0c00352a448d9ee;Rjiku;0002055916024208a0c00352a448d9ee;suicide_by_relocation;0;PS5;PS5;
2025.05.15-18.45.12;thebigbaba77;00029c50ac214682a6b37d07757460b8;Lord-Ch1co;000214b458ce4428ab57035a621ff7d4;BB-19;5;PS5;PS5;
2025.05.15-18.48.20;VTEC-HONDA_1985;000260af19974ccdbbf4bf72cd9639ac;VTEC-HONDA_1985;000260af19974ccdbbf4bf72cd9639ac;suicide_by_relocation;0;PS5;PS5;
2025.05.15-18.51.05;Pjmpdaddy82;00023293db1c4b4082f69e2e97e6fd45;Pjmpdaddy82;00023293db1c4b4082f69e2e97e6fd45;suicide_by_relocation;0;XSX;XSX;
2025.05.15-18.51.28;Lord-Ch1co;000214b458ce4428ab57035a621ff7d4;thebigbaba77;00029c50ac214682a6b37d07757460b8;IZH-43;2;PS5;PS5;
2025.05.15-18.51.45;Irnscud;00022dc51fff4a06973b6907828d42d0;Lord-Ch1co;000214b458ce4428ab57035a621ff7d4;IZH-70;14;XSX;PS5;
2025.05.15-19.02.21;m3_GOKI;0002fe3ce9ff493ba821aad1a63b8b52;VTEC-HONDA_1985;000260af19974ccdbbf4bf72cd9639ac;VSD;224;PS5;PS5;
2025.05.15-19.07.27;OGz DelBoy;0002d8ab00ae449686f761dd9ca119f7;Rjiku;0002055916024208a0c00352a448d9ee;Stronger Explosive Charge;4;XSX;PS5;
2025.05.15-19.10.29;Rjiku;0002055916024208a0c00352a448d9ee;Rjiku;0002055916024208a0c00352a448d9ee;Stronger Explosive Charge;0;PS5;PS5;
2025.05.15-19.13.16;OGz DelBoy;0002d8ab00ae449686f761dd9ca119f7;Rjiku;0002055916024208a0c00352a448d9ee;Stronger Explosive Charge;5;XSX;PS5;
2025.05.15-19.13.27;Irnscud;00022dc51fff4a06973b6907828d42d0;Lord-Ch1co;000214b458ce4428ab57035a621ff7d4;IZH-43;6;XSX;PS5;
2025.05.15-19.13.29;Irnscud;00022dc51fff4a06973b6907828d42d0;thebigbaba77;00029c50ac214682a6b37d07757460b8;IZH-43;1;XSX;PS5;
2025.05.15-19.15.37;Dxssin;000270a5e05448f79d902df06a079e89;Dxssin;000270a5e05448f79d902df06a079e89;suicide_by_relocation;0;XSX;XSX;
2025.05.15-19.17.33;VTEC-HONDA_1985;000260af19974ccdbbf4bf72cd9639ac;VTEC-HONDA_1985;000260af19974ccdbbf4bf72cd9639ac;suicide_by_relocation;0;PS5;PS5;
2025.05.15-19.19.03;ExHyper;000240ecc1ba45d59962bc2d34e0177e;ExHyper;000240ecc1ba45d59962bc2d34e0177e;suicide_by_relocation;0;PS5;PS5;
2025.05.15-19.25.08;Rjiku;0002055916024208a0c00352a448d9ee;OGz DelBoy;0002d8ab00ae449686f761dd9ca119f7;UAG;1;PS5;XSX;
2025.05.15-19.25.58;m3_GOKI;0002fe3ce9ff493ba821aad1a63b8b52;m3_GOKI;0002fe3ce9ff493ba821aad1a63b8b52;suicide_by_relocation;0;PS5;PS5;
2025.05.15-19.28.15;Pjmpdaddy82;00023293db1c4b4082f69e2e97e6fd45;Pjmpdaddy82;00023293db1c4b4082f69e2e97e6fd45;suicide_by_relocation;0;XSX;XSX;
2025.05.15-19.30.07;Lord-Ch1co;000214b458ce4428ab57035a621ff7d4;Irnscud;00022dc51fff4a06973b6907828d42d0;UAG;3;PS5;XSX;
2025.05.15-19.38.32;OGz DelBoy;0002d8ab00ae449686f761dd9ca119f7;Dxssin;000270a5e05448f79d902df06a079e89;M99;56;XSX;XSX;
2025.05.15-19.38.49;OGz ApexWolf;00025a3d833a4d40bd885e57fa67f015;xZx Calk xZx;0002545b36d145f085d3a64dc377c675;M99;41;XSX;XSX;
2025.05.15-19.39.29;OGz Shogun;0002b3c1884e4c10b0c6850466cbff5d;Dxssin;000270a5e05448f79d902df06a079e89;VSD;43;XSX;XSX;
2025.05.15-19.39.46;Njshh;0002e69a65204b669c20238266782d7b;xZx Calk xZx;0002545b36d145f085d3a64dc377c675;MG-36;14;PS5;XSX;
2025.05.15-19.47.52;Njshh;0002e69a65204b669c20238266782d7b;xZx Calk xZx;0002545b36d145f085d3a64dc377c675;MG-36;16;PS5;XSX;
2025.05.15-19.50.54;Njshh;0002e69a65204b669c20238266782d7b;xZx Calk xZx;0002545b36d145f085d3a64dc377c675;MG-36;29;PS5;XSX;
2025.05.15-19.56.08;xZx Calk xZx;0002545b36d145f085d3a64dc377c675;xZx Calk xZx;0002545b36d145f085d3a64dc377c675;suicide_by_relocation;0;XSX;XSX;
2025.05.15-19.59.12;OGz Shogun;0002b3c1884e4c10b0c6850466cbff5d;xZx Calk xZx;0002545b36d145f085d3a64dc377c675;F-10;16;XSX;XSX;
2025.05.15-20.05.36;Pjmpdaddy82;00023293db1c4b4082f69e2e97e6fd45;Pjmpdaddy82;00023293db1c4b4082f69e2e97e6fd45;suicide_by_relocation;0;XSX;XSX;
2025.05.15-20.08.32;m3_GOKI;0002fe3ce9ff493ba821aad1a63b8b52;m3_GOKI;0002fe3ce9ff493ba821aad1a63b8b52;suicide_by_relocation;0;PS5;PS5;
2025.05.15-20.10.50;MidS_Nate;000258ffecc24a53a5381fa95ee99769;MidS_Nate;000258ffecc24a53a5381fa95ee99769;suicide_by_relocation;0;PS5;PS5;
2025.05.15-20.17.53;TedTornado;0002a62a37fe448fa752fb47281e9de7;Paha_Babaha;000266b811484a31a2ef8dec89e496e7;Fasam;11;XSX;PS5;
2025.05.15-20.18.11;TedTornado;0002a62a37fe448fa752fb47281e9de7;Dr_yarik;0002f9ff0fea4bb8b35dc9eeba62d678;M99;29;XSX;PS5;
2025.05.15-20.30.12;ll BEAN0 ll;000224fa2b4e410aa86ab23c5cbf5cff;Pere2212;000245b4dd3f4669852250a615997418;Mosin;65;XSX;XSX;
2025.05.15-20.33.55;Pjmpdaddy82;00023293db1c4b4082f69e2e97e6fd45;MidS_Nate;000258ffecc24a53a5381fa95ee99769;VSD;166;XSX;PS5;
2025.05.15-20.35.25;VTEC-HONDA_1985;000260af19974ccdbbf4bf72cd9639ac;VTEC-HONDA_1985;000260af19974ccdbbf4bf72cd9639ac;suicide_by_relocation;0;PS5;PS5;
2025.05.15-20.49.07;Njshh;0002e69a65204b669c20238266782d7b;Njshh;0002e69a65204b669c20238266782d7b;suicide_by_relocation;0;PS5;PS5;
2025.05.15-20.58.07;oooSLAYERoo;0002ffff4c6346c9a62cf2304cb2bf6b;oooSLAYERoo;0002ffff4c6346c9a62cf2304cb2bf6b;suicide_by_relocation;0;XSX;XSX;
2025.05.15-21.03.33;Ya DAD EGG;0002aef08a3c46a7aa214ba39f42969d;ll BEAN0 ll;000224fa2b4e410aa86ab23c5cbf5cff;Berta M9;3;XSX;XSX;
2025.05.15-21.07.12;ITz Flinty9125;00020789479742d283c75f5b9ecd0671;The_Legend_of_MK;000230d9165e4a85bc0fc068bd9159f7;AK-SU;3;XSX;PS5;
2025.05.15-21.26.30;Fatalben0;0002548521ba4271a497e39d5bfe5611;Fatalben0;0002548521ba4271a497e39d5bfe5611;suicide_by_relocation;0;XSX;XSX;
2025.05.15-21.31.37;VTEC-HONDA_1985;000260af19974ccdbbf4bf72cd9639ac;VTEC-HONDA_1985;000260af19974ccdbbf4bf72cd9639ac;suicide_by_relocation;0;PS5;PS5;
2025.05.15-21.34.16;m3_GOKI;0002fe3ce9ff493ba821aad1a63b8b52;m3_GOKI;0002fe3ce9ff493ba821aad1a63b8b52;suicide_by_relocation;0;PS5;PS5;
2025.05.15-21.39.30;Serial Nince;00028d6911a042fa87402625e0b961e0;Serial Nince;00028d6911a042fa87402625e0b961e0;suicide_by_relocation;0;XSX;XSX;
2025.05.15-22.02.03;Serial Nince;00028d6911a042fa87402625e0b961e0;Ya DAD EGG;0002aef08a3c46a7aa214ba39f42969d;UAG;27;XSX;XSX;
2025.05.15-22.02.49;ITz Flinty9125;00020789479742d283c75f5b9ecd0671;Serial Nince;00028d6911a042fa87402625e0b961e0;MS590;7;XSX;XSX;
2025.05.15-22.03.34;Pain Apathy;0002336dd7a74cab86b316ea76164ace;Serial Nince;00028d6911a042fa87402625e0b961e0;MR5;11;XSX;XSX;
2025.05.15-22.10.47;SAMSLFC89;0002d5c37f324cf1bd9c56f91fc68569;xXxRzShadowxXx;0002b4856ad34538a43e07c7bee748a5;P900;3;XSX;XSX;
2025.05.15-22.13.24;Njshh;0002e69a65204b669c20238266782d7b;Njshh;0002e69a65204b669c20238266782d7b;suicide_by_relocation;0;PS5;PS5;
2025.05.15-22.25.21;VTEC-HONDA_1985;000260af19974ccdbbf4bf72cd9639ac;VTEC-HONDA_1985;000260af19974ccdbbf4bf72cd9639ac;suicide_by_relocation;0;PS5;PS5;
2025.05.15-22.28.36;OGz DelBoy;0002d8ab00ae449686f761dd9ca119f7;VTEC-HONDA_1985;000260af19974ccdbbf4bf72cd9639ac;M99;221;XSX;PS5;
2025.05.15-22.30.54;Pjmpdaddy82;00023293db1c4b4082f69e2e97e6fd45;Soundz_54;00026142ac874d49828d91a873c51fc7;VSD;279;XSX;PS5;
2025.05.15-22.32.56;OGz DelBoy;0002d8ab00ae449686f761dd9ca119f7;m3_GOKI;0002fe3ce9ff493ba821aad1a63b8b52;M99;219;XSX;PS5;
2025.05.15-22.39.06;Rogue731;00022ac42542497589f654e6ac2c0a6f;Rogue731;00022ac42542497589f654e6ac2c0a6f;suicide_by_relocation;0;XSX;XSX;
2025.05.15-22.42.57;VTEC-HONDA_1985;000260af19974ccdbbf4bf72cd9639ac;VTEC-HONDA_1985;000260af19974ccdbbf4bf72cd9639ac;suicide_by_relocation;0;PS5;PS5;
2025.05.15-22.55.38;Pain Apathy;0002336dd7a74cab86b316ea76164ace;Pain Apathy;0002336dd7a74cab86b316ea76164ace;suicide_by_relocation;0;XSX;XSX;
2025.05.15-23.25.15;Atherz55;00025e6c546f4e31a10f37065e06ff8d;Ya DAD EGG;0002aef08a3c46a7aa214ba39f42969d;Fasam;3;XSX;XSX;
2025.05.15-23.38.18;OGz DelBoy;0002d8ab00ae449686f761dd9ca119f7;OGz DelBoy;0002d8ab00ae449686f761dd9ca119f7;falling;0;XSX;XSX;
2025.05.15-23.47.27;ITz Flinty9125;00020789479742d283c75f5b9ecd0671;ITz Flinty9125;00020789479742d283c75f5b9ecd0671;suicide_by_relocation;0;XSX;XSX;
2025.05.15-23.55.11;Point7KDR;00029c958c5f4d32843b2f4f01ce2d17;Point7KDR;00029c958c5f4d32843b2f4f01ce2d17;falling;0;XSX;XSX;
